{
    "Behavioral Anomaly Alert": -141.06559847574337,
    "Compromised Account": 0.00015999686446817904,
    "Host Control Alert": -2667.9077339460077,
    "Network Control Alert": -137.84303776821204,
    "Phishing Email Detected": -2667.4424631282413,
    "Phishing Email Received": 131450.1893466196,
    "Phishing Email Reported": -13.142711816509852
}